{"W": [3, 8], "c": 0.0, "prob": [[0.007953340402969246, 0.006892895015906681, 0.005832449628844115, 0.005832449628844115, 0.005832449628844115, 0.007953340402969246, 0.015376458112407211, 0.03552492046659597, 0.017497348886532343, 0.003711558854718982], [0.007953340402969246, 0.003711558854718982, 0.005832449628844115, 0.004772004241781549, 0.006892895015906681, 0.005832449628844115, 0.019618239660657476, 0.03128313891834571, 0.019618239660657476, 0.006892895015906681], [0.002651113467656416, 0.006892895015906681, 0.01007423117709438, 0.009013785790031814, 0.003711558854718982, 0.007953340402969246, 0.021739130434782608, 0.0408271474019088, 0.03552492046659597, 0.019618239660657476], [0.004772004241781549, 0.004772004241781549, 0.003711558854718982, 0.005832449628844115, 0.003711558854718982, 0.003711558854718982, 0.016436903499469777, 0.0440084835630965, 0.016436903499469777, 0.007953340402969246], [0.01007423117709438, 0.005832449628844115, 0.007953340402969246, 0.004772004241781549, 0.004772004241781549, 0.004772004241781549, 0.012195121951219513, 0.007953340402969246, 0.002651113467656416, 0.002651113467656416], [0.006892895015906681, 0.016436903499469777, 0.0015906680805938495, 0.004772004241781549, 0.011134676564156946, 0.009013785790031814, 0.007953340402969246, 0.005832449628844115, 0.005832449628844115, 0.005832449628844115], [0.004772004241781549, 0.014316012725344645, 0.003711558854718982, 0.01007423117709438, 0.01007423117709438, 0.009013785790031814, 0.0015906680805938495, 0.012195121951219513, 0.01007423117709438, 0.004772004241781549], [0.02916224814422057, 0.03128313891834571, 0.011134676564156946, 0.021739130434782608, 0.002651113467656416, 0.009013785790031814, 0.007953340402969246, 0.017497348886532343, 0.007953340402969246, 0.006892895015906681], [0.003711558854718982, 0.020678685047720042, 0.006892895015906681, 0.011134676564156946, 0.003711558854718982, 0.005832449628844115, 0.01007423117709438, 0.006892895015906681, 0.007953340402969246, 0.006892895015906681], [0.006892895015906681, 0.007953340402969246, 0.009013785790031814, 0.002651113467656416, 0.005832449628844115, 0.004772004241781549, 0.006892895015906681, 0.003711558854718982, 0.005832449628844115, 0.003711558854718982]], "lam": 0.16629422718808193, "Ev": 8.796192609182532, "n_train": 893, "train_pts_per_min": 35.65605806811837}